First,Second,Third
42.91046805826153,37.69541548981439,73.39102750210118
39.2082319102685,64.33384538745361,12.667160290448741
56.72097446830649,62.54487351535604,84.05604541028127
54.143694394927294,61.04012930372866,55.99210982375382
49.08570569083773,74.19075367504946,63.62311215780801
54.09828913840461,67.90714966948501,96.6142908340784
46.525287482986705,34.955799528885905,99.47610962129842
44.30107600605103,62.997717422866195,91.2269167575506
52.90132196515584,62.9504131673001,98.1557333116303
52.90355654581723,14.001768029984646,-6.128384781195786
44.160037480221206,52.602368636414504,36.60139249548374
53.352919031288735,21.262185386110733,97.46348798410676
49.403672296797055,46.167576748909674,94.01519057282214
57.63442991732512,103.3118902303143,15.563217202154306
37.823832941059706,54.32138574670316,63.71018464399113
42.905349925413745,69.88309066120446,-9.3432511041839
50.16812170296862,52.219825816464954,85.07390132960634
50.4055787391525,66.41766756146009,48.656973564455825
55.4921469206965,55.44198069543876,50.539714698986316
56.8490786574455,33.3201471131777,63.40000460440416
55.57400601154278,18.117752864073676,15.901864333250444
43.648972732168936,33.8664151033829,27.815291556744043
46.15239813019873,64.21463136188636,66.56780651485417
56.980716712499245,79.92665394459706,9.70681784278539
47.532239147501485,32.61216823672572,49.91325960041841
57.52768271696809,51.99372925904796,51.37815531586712
44.11135042506255,38.21340923569097,73.0688813095053
39.615392411538025,67.74509481122149,75.61505381726491
55.51650357587773,40.632595687549,107.99016352975397
52.63146797848602,63.846677964663705,28.421566030110434
51.15670134240176,37.16294068912616,80.15982912931764
54.92348701647698,79.15027908882578,22.100504318072417
54.17971423113701,63.900907616665776,2.106006028327382
40.9171250667605,39.824615556653356,47.54007513045906
50.362330940145284,22.8757144198886,39.67710541303343
57.616388802391455,1.5655177153501825,49.95792595311369
43.25176053145922,63.468249580360805,53.2358586869237
53.92164107333989,52.49275472241319,82.6806943928212
48.10281217101387,99.45415947141355,1.4883883113909349
53.52034949902624,57.89135076727189,71.46495401983525
46.87490041877893,74.2494125465215,32.38811801856728
55.96502752847044,39.453159524860006,3.793030850826833
54.002232189818486,53.11712085086415,17.629312093422147
46.276833823892154,72.54353917163519,100.16223176950203
47.554909115986774,58.01212911223021,7.718559706511531
43.46660060796317,41.5838711249338,96.84291299406203
52.329302055232496,38.05745461259915,106.6657616509378
60.418377790132624,53.50757791616974,26.83085379454225
53.56888901685406,54.405967928307525,24.459769677588994
45.99671896568107,53.58456673943103,78.25091439729678
58.17718150597189,39.55488909093788,100.61313569710781
57.108795564833706,56.90480359854596,-1.1739034340920362
58.21105940893076,54.30078608404871,30.737661349284963
47.379788647747006,88.84053416867233,15.606355808064883
47.97083260808145,50.28401994281867,77.72765283526046
47.22771066365373,36.789755703126765,1.6744602673233935
50.96121693747114,65.99602823731188,66.84328336881401
38.12958600650798,34.97224717621782,7.464873857812172
54.529784738475,47.74182258051,57.37989342349998
52.44939841393238,46.70151563406279,85.38699215689675
47.33901745512357,31.595456427269557,70.4472632118519
59.96795922529705,30.0987702666726,30.586608498324615
51.199739762228525,28.90612113810166,96.44195809142164
48.204989344909265,71.06033039074,0.2752334934700471
55.64886399573173,75.8715606020865,27.879336533878863
51.47168215951367,81.77788285955266,84.48177718664705
51.84635829414124,61.92548632910899,3.701149046024259
41.339224499014996,59.10353467144587,93.17481707296184
59.90651144860789,72.98896910598116,13.687822325003207
52.875994661283,51.99386283678668,66.86223180847917
47.840097134244374,41.310421216315326,4.468326707127158
56.760243315655494,24.950404984025273,34.68373300963056
52.11122031761029,76.7802618976578,-3.459986115276803
42.63469478268027,50.28900896532753,-9.819008199375979
46.60275669674508,33.943696958729994,101.48894435722828
55.477793138930686,17.22640332289196,0.7939560273817303
44.109007030917375,28.419705802761825,108.8881609195397
53.95986273203507,68.27485142102721,90.44706956376277
56.506537902039355,31.650674723592644,-1.177251419426618
46.90870752828049,44.01877990090459,100.6219201750464
50.89954937698181,61.48457129654805,72.61827725511985
42.24560142333935,26.932742532865444,56.28937077675559
47.76528705019342,39.49055043345718,16.07310128202903
53.170753165494816,71.26090305962185,94.22295109935806
49.24945147520131,43.70349657163469,40.507033532973395
49.84124339076833,18.251577712792894,35.9791470849002
54.136321782806306,70.13303401234796,5.81456389824794
52.17662408404702,27.07388412065042,-8.511990313738998
45.9411951614166,63.48740099827076,75.62411675958809
55.585794111039235,75.72632612428917,107.44015588885304
50.112884058165875,51.13520737768163,97.2843477299281
42.52652976725913,42.52777459953242,19.35711262038559
49.06450555817983,37.378202577775276,25.96721435746558
46.328474414618185,59.147372428006804,23.9468256299901
46.22508274005875,54.71906389584199,30.437772456693736
58.738601303432276,27.488743508607598,68.82734619522775
45.461636771054636,72.57385891055586,90.30838632419507
53.177399582394095,46.25772107028489,93.55697691605754
49.94373299995287,25.37059043256356,82.60905138834516
57.299400046307284,47.98139744861547,12.089853815721948
49.963559280260085,27.534883504511896,-1.0454476845187841
52.61964122671186,86.37876013224657,-1.7680075815747287
53.41855828531267,45.56305027927084,40.461782152468906
47.331591832470046,42.154160894661615,82.16550928177564
46.25438561649399,45.6131129800027,87.34784315800866
43.02961314574121,65.64511859713822,106.33016971635386
60.51726339810394,57.912301410482165,27.797427219077143
54.66903748446803,44.60624884501075,35.149557446917925
51.72898611545491,48.097858856895975,15.569892540273823
49.7392254230534,35.22939634601206,2.9779489661525016
50.24105173026161,38.32412818009451,63.49484944446846
53.3379046422503,59.68123085052218,66.33384073097916
53.931679642773595,59.81331176156578,79.43371785545399
52.62711984256536,45.60199822820403,97.94772323955694
45.73948954456583,44.339797366253364,104.73512854673035
49.60434082866979,59.84191276409487,86.36728349758067
40.724383182802725,85.63108735268439,21.786784668167844
53.35998234864284,47.56865857919822,9.637760916457818
48.03771460822707,36.19043599169862,-7.108714675725372
41.98501573843673,55.32710855905255,7.22278133513764
57.82036375837726,53.61848956072909,33.31960262731002
50.18731713528582,38.559178114949006,80.82244843848409
36.04444668013121,36.5685743506399,-5.867901124805064
48.243219923448784,18.697153785801206,-4.693864763669051
52.66724872536707,77.40402000616307,87.69229364575179
47.569745783606166,40.39530367392179,89.76768442732154
48.03375828127305,62.43834950936812,58.798773273291715
47.621370947977816,53.11314177607328,53.81211743628962
45.32353714786699,31.82711558420296,62.363653745915514
48.976834824732926,42.032461679814396,81.68078726313696
50.53595151734813,18.315676785566204,100.36548752498561
46.28363838434497,30.42418829282189,79.45766565949933
50.508490274417554,46.115117193409404,9.156093800688943
45.866671308143864,66.59938154340819,91.79028447334574
49.773037068794586,49.24107045399716,-0.5413152476558825
47.533597978296434,74.49701102061319,88.37613059480512
48.15099992238032,84.60144210896944,101.31784232267813
52.28206544463394,55.78749791782481,-8.474935662622375
55.874006905306615,23.845551355565636,-1.8104479759960554
51.550230988778026,52.248781523510246,12.020188838176296
56.48691211356168,75.0080381149958,44.17260081767431
49.52544416811496,61.743300395402855,25.13812394333503
58.0823430315271,46.497028435841685,51.056322651879555
50.49067149966493,63.560662103051094,51.9002123314915
47.13325987624767,32.843627665461355,70.22997625869304
49.738120873213056,80.96385509622343,72.66503576942327
53.7614978532755,84.42713978347109,-3.876193773614842
49.1614257318844,47.94798625851646,75.54512000923965
52.499826692016214,82.09667698891724,88.81882102404123
48.605325500352,32.930306691641995,33.15894251966127
45.32008581590726,61.410545138287205,91.58565687021543
54.72771486113354,71.44736828441796,89.54309600659823
57.06767556406161,39.413217670526535,46.315075293829906
44.99768257901816,4.9832785247942155,27.93898205225051
51.13453482045545,85.0277623796344,67.26632193127318
49.479955269077045,68.22303054754914,43.94783998094962
54.29299235069039,34.227805409782604,91.34793205995723
45.17423724614968,49.31979154582888,57.056980308949065
46.42476067417987,66.51601173368661,-3.211448781595574
44.51147136714039,66.5341018471666,12.167744416507361
50.45002767441746,90.4056800147374,49.25334497253764
50.486374864414685,66.34862603901087,3.4264498819318554
47.80015254281888,28.142359108563678,79.4361000983988
43.00045295265402,26.91692365445597,74.7129366227485
46.430221735198614,41.80967338748106,19.864188281154643
48.913586585300116,37.52740168403745,109.52499335383808
55.87856814628952,64.92070843225079,64.82336265588687
39.28418548433864,47.07308743821004,19.174769841626684
58.99761189258993,68.17865482185873,6.648908945793263
53.31789264191362,43.52750954865797,95.09122614255716
48.95560554917562,53.33477356817075,54.73231065645021
51.842112517503175,36.94858414084939,99.71234329660686
58.06172328579077,34.79358164354291,107.80435423008662
55.35488774347931,83.48729202345964,75.89395676100766
50.1475428009281,70.03822527962096,42.77442987838895
50.274809679540155,54.10980081708761,5.073082984404014
51.8000842634604,10.927119197494363,0.20490583424310316
51.063774521987966,26.058939476286113,21.318465665398428
46.07534930741115,30.935862389649028,95.00951844296956
52.63362073458907,70.34617895645643,41.251163278821885
47.1561296472311,27.981656522905027,85.67243820158589
55.234195664582515,77.90912509868987,74.58477612104558
46.604993210527525,41.77203513852901,101.43153468498336
46.46395691346842,57.99144173861508,5.224029082887661
44.88719016338443,58.34053288578919,79.25546732637193
58.544122962028354,62.72471303466117,61.32738528013934
51.866155485066955,33.86851517062301,43.49308042091489
50.64965631627923,13.805964683246266,64.01405664499063
55.97805836843279,27.862499522020144,26.391839155292423
52.625845698196166,71.89073216032372,56.73926876236034
56.19441548671557,10.359820235738468,52.078953992421205
52.07008409196479,48.40180101884893,22.779103338881455
42.00683052923702,43.182791545964676,2.6928323249219197
52.78558318213425,45.15912624318224,57.687145961627834
45.79196296306083,70.75245382436191,49.657850860327216
53.42743262167827,43.79921916300544,97.84877490475073
48.63611420056885,27.582032607134774,26.31788221462473
61.77445535429797,69.10409314336897,2.362114170676456
48.61229522707918,37.86184505056018,35.53873980865909
47.31419578256175,42.28765721723568,64.11179070196357
40.09546807032873,48.277816627189786,56.63162055699334
57.86980859154848,27.54187633190737,40.00342856213718
45.55677395427709,42.365435220793664,102.21615372902649
45.24882196541479,49.16373239994093,11.78739440983168
48.036337361242836,56.365783179454006,107.39292093755495
56.988177063030335,72.99210749242258,-2.511083068937534
51.845474323587275,108.2939854180072,13.380889996635066
40.85298154725873,51.586815966589505,26.523857859507515
47.49525699591054,58.39718408780307,89.05268006479014
59.07657885144681,53.81530360997473,77.04481425656647
40.61730475377502,44.71370579163538,78.32896431422772
48.36308516632822,39.16415956312147,102.0358593088586
42.52911102106522,27.147700623250234,76.86836976713562
45.986978239247186,38.07196386154978,109.54243541483463
54.44989354534817,74.11144064425133,32.720724937679
51.29581895870697,33.82101264608352,79.14456027245569
49.589771013243215,29.49329268808416,31.926075880553526
49.2318471186609,57.99919137045936,-8.622737258200894
46.40471275882456,41.65797154731402,49.59646976461476
42.43196213658764,44.34174200017177,87.24623650185382
44.59472958109334,37.74421746544216,15.559063413990543
54.9888607332707,-7.904889099426178,51.771665862236
46.237498166755856,56.157732657942866,82.80948044845083
51.82380962736018,56.83670630285039,92.09220175295076
41.61120625955311,37.73264071780264,5.801272644169346
59.22275217944416,53.48268052890381,16.86279719165173
45.35201713587929,6.151246874411299,42.749291069375836
41.67986083485256,65.1601223529602,17.941995960591047
57.32075714092494,68.83510722824272,6.939552473390364
56.49875147227083,61.40561515471569,94.56811774722215
47.247035879433206,51.15463178857702,8.707778243419067
51.01539551410121,92.45479326463834,-7.355113669991771
42.653377285907716,29.867308079311936,79.25510469423118
56.55903575327145,33.00622764380816,22.291427430535812
50.85009313528019,20.87490141093333,27.3232802774857
48.30179523958826,43.695853853522934,105.64017434117784
47.10213237539224,73.29541443866951,1.642614427799515
50.291407429223064,75.80508913932832,12.236187940073332
51.06730837024316,53.52539702922134,-4.95991304234773
54.29405962328451,42.33079344634385,96.85211085816306
52.93473214176257,43.41369066702002,92.41800275697659
54.562460764808364,38.061243343394224,80.78753393315128
42.11382211673961,78.89586923834918,84.70673558367739
43.39439223891583,58.97111938348533,52.2487764906282
54.40538999218026,54.336558769587434,37.41047033372696
42.56862259592363,60.851548522528645,34.5224965056049
55.760405394683026,71.67682424862511,101.69434147088614
52.40178887946887,38.854973947405185,40.073741358114916
43.956296692750605,70.58484620257033,47.871509232299246
54.26054822729332,24.58078690427999,72.02543221657912
48.105236852821896,2.804782887059531,34.45393949970245
53.39680620625694,60.62697915034533,39.18689762195742
55.83624942427348,35.95124508282253,95.89643012384511
49.4259593039009,42.54167620037053,34.65484978822179
47.434626244608125,26.33935651999302,106.80992359957037
52.621573806316654,38.69095803676238,6.6743124564784
51.74331515743537,39.617236346486315,52.026247382165714
50.73162730695872,45.080169273713345,105.3024921022384
53.13348548364107,47.48527299762607,5.883730840446898
46.47196149193944,41.64578797963274,-5.464505155156605
47.38584184892129,35.496968194237205,11.694433261557467
58.283503507624374,73.04384185265236,73.82258758601834
54.394378976976164,30.457375118064512,84.87266792731073
50.57456135869034,88.83916649264586,2.9572255352124834
48.327645614791706,31.16940488578766,78.80420763502518
44.331531516373815,43.54121840041347,101.42744920247263
51.774596391155754,45.76244886039537,105.7911393856963
51.631729312343815,36.334827848171855,46.57578070647884
56.099194089252194,65.37788884892205,0.3350417342501757
47.82788380805913,63.350792007346016,-9.413595074111099
47.00547539279544,64.67081143502891,46.8807772386632
41.782257982416596,63.29391284142163,69.47754807485487
51.390488763862095,48.08777461865565,54.37539663179254
57.575213921386485,32.03034499895854,97.18561068622581
47.4737978678383,80.11201886803853,26.641865904573436
50.40943356032058,30.43391555132623,94.204609406837
54.50906290807124,34.799973124393105,70.17383554949147
54.998465718660015,31.138941042663422,109.7930236556614
48.812091059232536,15.990011717164741,106.4965685306422
52.52518293380401,25.144669945336933,94.66495775502429
51.917953078060776,76.0123446133064,94.08877604506053
53.76006265303773,18.211722214112225,-0.17731321604581574
51.501566560405394,43.94167254439684,7.451501019566891
42.74693326604221,76.29745540537402,-0.06916863225122327
50.08427873240292,57.72454714271554,83.57262744372046
57.3893456847923,27.925930337843713,70.47019186941668
54.382183412986265,50.87127215632561,51.830080297508644
57.5042137503617,21.044719068631235,79.96973031619807
46.534085327730935,66.60640520438781,69.69036390723235
52.501249169112164,26.124113793428933,44.12415243967674
57.4441315854057,53.11244713728687,41.92983186970475
58.628990754495284,57.02906695071166,40.710285972514356
38.23298077537727,32.88558960582711,58.84590302598012
49.79621923489855,51.929112701335434,-6.469882617885174
48.45863745825951,47.46125366835582,109.80260265259774
48.69121307178968,57.045717660012244,78.6183121292758
50.193086413021284,80.52726555329517,61.14417219686365
43.63223316486682,79.04959264951674,74.99738410654543
52.61746448553237,52.70835306049109,-9.449113265023188
55.58074847364577,30.079026590432814,18.74034086982961
45.4670168932502,103.53851595625059,96.30104328729078
49.28397184810093,36.700591089551466,8.141476526496497
54.604219003792174,50.056197560805614,72.47339573107861
40.57864327994892,62.48401286596112,66.79684219748066
49.74733009091537,22.491913177465747,71.2525211643352
49.15536493444905,70.44661006143323,105.24861669455511
39.54989274931381,45.92260951933474,98.85497164399646
54.128258906342715,46.82130585643908,63.80610997767663
49.66142875163043,65.73839611048975,2.4677706395696184
57.650923736498754,61.84099950205436,48.84199678050801
48.08801449267007,63.808409111697884,-3.5808847954872247
46.478734578379196,61.42493179857492,-3.012164468217815
53.5185989374938,77.29294632076699,21.797508374797147
52.734288002667384,38.52864749092394,23.189187039888076
50.27764193910433,80.47586131939518,50.10914062393431
55.038725753392065,28.27092675662751,28.586147467362252
39.066815314864826,58.88232650823582,-4.390934229045129
50.81755951549451,64.86593910454877,-4.056916744398649
46.195203979597224,69.38324773571489,53.9308430804664
52.5094374931122,29.249783061690767,1.140831158900184
56.65412669826311,33.067146834845225,45.12837716588989
47.81310027421882,32.393234236026125,59.80030026615239
54.13713645328461,71.09563858767507,60.041228941966466
49.03747827319019,83.37764965627409,77.77857584393578
39.54232377094989,39.50113036277551,48.863010038310634
58.72553801018074,41.491456931791234,8.015208147292917
45.51841080445094,68.03928079829535,52.82602183068751
51.503745075406684,48.17351401799527,52.39736953264031
47.93451409607105,42.041677377250494,23.394394977986593
39.97838323712276,57.153242195083116,76.37025305083785
63.29673051359124,24.723629871532587,10.418050908396062
49.13139281751844,57.08758918644912,25.599720398345248
52.44333694648241,65.94581725709034,57.162442925918214
44.350509823869416,19.6451890630632,95.93945357142515
54.44260666989515,44.3077092335358,83.51596890923132
63.54336188851505,37.167743084958914,12.045797390146955
47.673138326249365,38.96931754603512,37.99357067337319
51.371251356267656,12.773346835394015,10.643743387530343
49.65567701181476,66.25340963117534,49.757396958849064
50.603437763152805,42.29348326410283,50.0195204629622
46.78758283178503,48.904886329560576,32.16551251195996
55.78892397313557,51.23000920497247,87.39132249766081
50.537625346359356,23.51498051125064,109.59312677408404
53.63173383129072,10.00774976967962,50.449583246472905
53.85751686562895,38.680108680179174,80.43480996442509
45.63164513109217,91.63430978723545,1.3950423013855193
47.81058071665498,30.2861322112002,2.4074819271559136
48.24323288159795,35.12124951842215,82.06372284124093
55.51818813117218,52.02389533999526,44.470428935546174
51.32721499777426,14.17967821728488,95.20735576076476
54.671109181906644,58.46355602801918,10.387005110058084
58.128828245661026,32.295984289722796,8.916400146732599
45.0516439199104,73.7451174470838,10.853135666367436
57.33413509865823,78.8855687186404,52.62406214447503
49.5410079347222,66.08927877481375,73.30695600817212
57.9828600563879,26.11629157640529,47.981489910306216
59.74459388816613,79.27222128539407,61.08336559508726
52.178112643299706,36.43853226621869,96.52156984147572
53.705536885425616,55.79002991519019,-5.001265074755237
43.049005894282296,48.51462481715178,-8.630672558490344
45.95405787898932,-6.740959241023397,81.71101120522066
58.84364931695343,56.43719497288416,74.54783540397858
57.85091383004551,31.980097202642547,54.13255194517171
54.421868614521614,30.01442354841037,76.41681274523889
54.18404493888213,97.22407835797586,11.351829155921589
49.71183287199843,50.3802312286239,89.66757453956046
47.89549302035483,30.598136100485323,101.75190761979476
53.18021704698377,53.41701166436063,73.17562580221124
43.71471703848412,51.39615880879834,48.78088777433602
51.58344937395859,32.530988324144815,6.204129599237302
53.08689706648843,47.01686626081115,94.55912359883254
56.306964458821625,58.69969891951264,92.10170447036296
46.03187685605384,30.769664924972293,52.78957269701281
55.84955957493509,12.692795787537477,53.264535148593396
44.19003337877549,75.00226901139828,-7.061345836062731
54.066149638980626,52.80347445622339,107.59494889890517
45.2177149126034,59.706725134547085,-9.260473447759106
48.70321576032132,24.266147900924242,46.954570704638975
55.290090339477175,26.18538731932462,80.46360509899455
48.84174515038437,66.17679533188212,105.61184727085897
51.83034057639227,49.53389762569642,6.328944097394384
49.53972433074646,28.623767972709327,29.832735602338076
51.03544565663816,54.494053386920356,29.204593888767093
48.384413301852646,40.63311390468596,30.3089759808976
58.068263165080594,35.703187431045706,27.54991737680659
52.71486881410935,59.293146713262026,17.263282784263048
57.05417428023098,81.12881436928504,13.880228309030954
61.45274620662002,58.55771719119343,73.42052380630192
49.43873739401953,63.933276831207095,73.71133765177186
49.99927624695151,43.349269192006346,78.32478473016229
51.14411540641942,71.79154637314599,23.34281142923406
47.016453706988536,49.69982722985145,97.30218666322281
46.77902031886966,75.9535133426504,21.38315616890373
51.120082513273545,57.603460900574916,95.50536875649118
55.582429226658924,48.42158189794214,95.28464782141066
53.84907134342189,9.30171429414581,48.327073524407766
52.638852246576015,25.457635903150862,53.52164596660084
49.658164218311825,63.96629958554699,93.373017824609
44.58133432420007,60.36370517086243,105.26090153709872
59.761276676841725,76.14857712149961,56.62120411387713
44.52132023645723,76.26923628017013,103.0461073783745
53.46374054296179,25.989045691454766,109.42942639567879
52.549875333428886,45.124558840151266,47.32560493318831
51.42040058120759,35.44360108702345,17.73623757707558
53.2089671051321,67.536088445839,100.96113310153771
35.61464038127781,44.002678368272356,26.997786133574763
48.71951290157504,43.78717185829906,25.13754189144015
50.853819343955735,69.22911217746943,26.9765093231574
47.152936493857304,71.27484736839975,87.95460968107008
53.959629143732286,83.4373547017502,23.538921511804325
51.59056347894631,86.7997826914092,87.2085353528246
50.68301716328887,15.632698352517323,-3.8389361069903893
43.54253173721547,42.93598480915202,73.63587969052455
59.661734921971075,33.88104615127848,108.03757132015637
42.1599620748908,46.00890477834721,5.089707013271658
57.09148283879529,72.78965536446042,14.59894167434403
56.06604886793071,24.741844805865423,67.06914088904756
43.84670888300242,66.79939109836137,10.516561812722575
57.37267166400763,85.2790439007529,80.45385517615001
56.202230018213875,52.22920200442685,-4.279723453651556
47.0370217763371,1.3794739340541966,-4.223480359925267
58.025920191979075,52.268874938788684,39.55147275961216
52.992736618469685,59.540419385344684,59.206233890699664
52.717374996134794,36.69231469413535,78.036613805476
50.31697501272629,15.97046431273273,28.46316721902666
54.717634506123304,27.647371533554427,95.1456749937499
54.73722960743345,26.8938543635436,108.98879469220402
46.472455363327,89.62277061880025,98.03838454750843
48.22559300614742,43.506380468332004,37.47363869379409
49.21301267368186,33.97636920652364,1.799963813665105
56.77809961999941,83.67350698378993,73.90861484765554
48.41933317822764,31.125162061869542,79.90920394915155
55.89584481848439,69.27489465321649,11.577751960831577
43.29246617925244,71.70736407582356,79.65509763920544
47.317850197696444,54.105582588926936,57.554196357610735
53.14002765632547,45.79998938349466,86.54498342067266
50.37742991876956,9.710207293610978,41.9319884970836
45.45957713511086,70.59049554294563,68.8029509408048
39.59762363270253,42.721112029363425,93.57118178579582
45.46296836819473,65.27621918041027,47.34259029165919
51.505204353368924,45.46091528055001,35.61850975070351
44.60461492770351,56.31507087879005,8.470113578927922
47.787125602345135,50.850172039752714,13.19658699656657
57.395649828412175,54.54748778126178,68.36751141368912
50.350082486123654,64.70337817787257,44.843709999740724
50.95314643814261,72.87229757668082,109.76995827142599
51.89867727831815,53.80140978527557,-1.9300944978394554
52.17068527995791,41.85433057876155,13.685116677837893
41.881032332683006,61.396558178280074,88.03247453439194
53.90298228289662,75.53153037706679,19.87540243625982
50.983616107049926,55.439160855820624,1.1771865496722445
55.14506607283131,31.726923643888163,90.4301074166479
57.584753977047804,42.433015337046236,73.81490636700292
57.01354825731368,65.46286555049235,45.18920925028087
49.05558685252841,50.661320629151945,33.58236274211658
49.17633364242893,48.279538271597445,31.90735432813679
49.10202345079878,42.91695945352499,63.9955581152047
49.85568047763724,51.9575200609316,24.493478645678564
52.54409008726819,75.81601739528493,107.0398537635878
52.44862679034,42.8722098804609,61.86872191412158
43.008423430194426,69.05929249176954,83.96534091660726
44.910391569518424,64.14729246810963,71.00767613057131
49.70998143039932,29.919262297949004,33.007559188424366
56.14092500379338,44.23466682662743,61.42264939558753
50.558723877115845,35.76786172938489,7.353431569725679
50.217465406742555,24.78462230574147,-4.624864373492108
56.64659615864155,52.01856879087868,51.628696528186985
38.21870651069256,34.0698373726038,42.62263078317541
54.70646625033918,60.32072982445933,47.00007204492523
39.67989414256735,25.104097276672782,101.10608558386824
46.5625160005007,41.545661277853156,95.6350373103305
48.328664714468914,30.02051832377557,104.38128453587674
43.104188838018004,27.96612543821633,70.57758293888516
47.192208487544896,62.970881908364376,18.6985811548579
50.18787779000833,46.23418736834872,-9.436614862500816
47.6524620730712,86.525893305919,77.34182153917783
55.32761948107643,46.198674706458625,2.9776575370150393
46.9918722476919,26.40065319526518,8.673051796243403
61.98816042859852,75.38036248167188,16.913164441401655
51.17571286753876,60.93141318693701,106.74493385692847
53.29300813423969,76.15574617999542,4.3364863665494155
47.010230352054734,32.82424790739651,61.686746209123
49.26064241077117,23.401739935642812,98.2639523093162
48.67373615580764,36.35501822871452,55.30140819368059
55.66345888574131,52.90772120124352,-5.194154658222372
57.116012577600074,79.3401910443356,64.90196515162147
59.27451144772445,66.38990654149323,19.20599235067165
56.376158276682595,28.89863983401159,87.54899289867865
58.59494208566945,29.59719500105678,13.57873303303603
43.656557246719366,48.72417725695654,9.36900617443569
63.479389198852196,72.5681715040461,15.187456019743117
46.82035598224405,29.780472526834053,99.62225245984449
50.04415580574774,17.882573588268407,29.40299730587357
38.17278861993028,60.6656270427359,104.9156402666569
47.970770939174294,36.99821368953151,55.201243340838914
50.748463506501956,49.46733710771107,103.27225413709756
52.71397605742028,54.21963890225985,58.01718833027212
53.80932850184587,51.99459237334403,56.73137860363575
50.889860975093,58.51471149546502,70.15920096496515
49.010511441116854,60.4595186063473,78.53934423099601
59.11686501016558,112.9981782425977,59.54550388781061
43.543437849092996,38.79816167607453,-5.887329326855273
44.93979373398999,15.281052507604002,99.84938949967275
56.83790561985872,74.5963711559421,13.359247101321678
49.48876409640638,51.76465967285083,6.602844867803608
56.21419550140191,47.58638929775387,35.70858430810762
56.134657530724134,15.260270810020813,-7.026548954555927
53.70541636738915,70.21504331012596,41.07730146503663
50.40214771402762,16.60874901858189,72.86422251556515
48.419768927696545,49.864385673963625,37.01236249237123
41.00807728875037,24.04018803978942,-0.9224622463796273
52.92345335681948,37.56867075467078,88.28426875187441
42.70545341370714,67.3066705612193,7.968671926253855
43.42541416529874,80.34039667903633,93.96930993897854
53.30983077530365,47.324652584845154,0.8543328616988344
50.385912394383986,55.98595250659015,47.20245845852936
55.24862604501735,80.90744600537846,61.34241664253989
44.013747357724924,-2.2264864614558064,65.45857010023117
57.80693155607716,51.469131693726055,93.80863149752894
41.508286742783035,19.263166092360883,73.67354708334331
51.09575013113664,19.599583287216173,95.3086972565088
51.30241338982855,59.925508756348336,30.099642484320547
52.529367307746774,68.28077719472282,83.53353794036433
50.29518029217539,83.26041049562969,9.457790498753265
51.41113423928062,43.19385718473535,49.872073135632256
52.22010721641206,17.40733927789735,77.119209584445
52.737794183061084,18.57042169738215,8.800170864336113
56.4043314510511,80.52074315577963,26.195875492597473
44.31184416945238,61.657917668922614,101.28940254182668
47.01183909572283,35.50294992853773,33.143870623008155
47.5566675471556,27.908840138216803,33.46646746087558
51.41859821839886,107.90803941061147,5.889312240385095
47.79899603801642,56.73093390369852,83.80405626832982
46.42868236481512,44.61580134772437,76.45582337001528
58.20177376276639,36.69993269931268,29.654222852198593
43.64234080216576,46.53100757701502,61.69423053345028
48.8517736757384,59.234888153620304,39.06851801527007
53.74515457724628,33.43449296682869,17.506445993537895
49.21290239517586,50.42273564066264,-8.980322571379453
46.58658460876437,48.93224103812583,51.58752262337514
56.09970219110534,29.227033922387832,104.12491441147952
50.594885452120465,56.834559010812576,62.73964669923889
39.1207010794828,22.85004645833768,97.85671516353891
51.29618947204939,28.024731383691158,57.27981905583337
50.046619404601515,46.02909703349266,60.506304514259114
40.73704900709349,53.5014037394498,105.08552637600202
50.08176903390183,42.66696331245809,67.40249563909909
43.070806603598314,67.2939631304254,-4.4505410820291935
50.21794489756485,42.373403936150225,46.232494199855964
47.50323780150901,37.263399224824504,4.179991436104977
37.4360588410303,67.06365861257441,107.68434460252935
49.640655780428254,19.624956763643734,53.9834706028016
59.27608955047666,25.857949775270612,7.895611574993868
52.5156371923857,31.57940428272609,-1.007761094016928
44.806373338379785,43.19881033893986,-4.199700299217501
51.11025393150063,64.87478137763537,13.462622949645855
55.78230320564847,62.716055410320664,70.80535610576392
46.81869153307407,62.38997679073085,32.11888704634721
44.039276183816874,56.111578883177,49.764841450048294
55.111103396772116,41.423903213460875,13.740843812345926
51.676629671684445,65.04949535716052,53.18120958995503
41.56316505864666,77.53429472225972,-9.184850609159652
53.93433852784482,51.942327614678916,36.578755109179866
51.21753997834162,40.76857492779469,68.00380269418727
53.53546544620234,65.82515375184876,24.35739473944382
56.83047875503436,51.88515839463398,-9.265544124231774
51.92479385987039,74.31964869704424,71.33182409085266
62.37657475097443,41.77576445391469,11.660970476544072
47.54768392212469,40.57640797424142,70.9168406140024
47.54250742351911,70.41080750704494,61.0345271561131
52.169897266954464,3.722158903191314,26.765579344579052
53.67242241024224,51.98339381473932,92.67041762646352
53.21753172079149,48.74265918945738,95.84018160787701
36.475031647278215,48.52657591641831,16.078157016811573
48.46292760511942,95.05936300983716,38.463584114131926
59.861727501687994,17.02522974256476,55.023003067697715
50.242836704393234,66.1867966304073,64.6856284921548
52.991414738945394,40.81076380251983,-1.261849294154839
57.482257465898,57.65078790848655,85.49768580437724
46.072412562632195,80.01630394541831,12.882319500641195
51.19159332721588,82.94835597023012,6.649162536432151
46.79137921117247,42.63705279886231,46.55466932086136
49.05584881441935,39.97107861190966,95.71765318395755
54.63644615953687,35.47822470733425,1.6884312714247507
44.46052950609315,42.67796284131412,76.6513897205988
43.17023307865719,42.66636558087049,-3.7210795339091307
42.07929020788957,48.295289839202056,80.34393426042651
51.917469733381594,61.37998782806028,65.65223158255814
45.0739833630171,26.043719103463307,41.633705480926125
52.59182385447726,59.198187287649446,102.09932421391333
50.51973756403824,35.996098133362466,87.00241656872471
50.61088643359882,55.97888478248037,-8.65485500261343
47.15451409890082,67.91369106739006,103.32991009490426
44.3476814274231,66.94728259551125,3.454105122959973
51.77229587474971,37.843299486816704,87.54096528620144
55.63642269214068,-13.781096845174304,29.52557390184868
48.681870588459404,70.22135033937909,47.704229680325
52.48920646867061,75.10502579283201,68.27009834833795
45.8103369114563,62.734693247088366,-6.94490739462704
47.78105939523824,44.57027109016989,58.55911401570508
50.95342044792061,69.66399429368929,8.274420218060776
53.31324836748999,67.77706009407302,2.765231247809554
48.84137136244289,37.9630200464869,39.82797734655439
54.64698924544325,53.90494523733226,43.797344325345954
46.81388917519675,67.56207735323422,6.455271894622609
43.71661590191123,-4.555099658440568,57.38419883219592
53.09127274841438,53.97838752047262,57.03653760391079
51.52315672863043,62.54380180916222,13.362975338547272
51.95868305011329,52.468863058339565,69.75502032869376
53.585888368589224,79.55468532812415,86.98060162371648
52.18409538058175,24.413858250159176,73.21382764190773
47.94374860283762,29.009344382184416,73.4871319962022
50.472597243010526,53.85905746185974,74.95759826753901
50.11091550038358,35.74952157715694,61.845024636562044
51.26454752362325,25.639610215285323,86.56795798435812
42.0980497936792,78.76810443472348,-2.531490037656736
46.778278700434754,52.92121280127094,72.72666794001213
45.34131795165977,35.386791267248576,11.445003115973947
54.4133094074703,51.50181257172024,70.82840154721104
49.353390201508695,46.960524455530035,5.655033626635998
51.50405043941249,49.65575965601092,109.03696611952641
46.93659184780103,89.43796755441086,79.67022197183844
44.88870973937003,46.86306096852712,0.7214692914008847
45.92629714454567,60.49104744319922,-5.247461155448199
53.444531834598735,42.30339293904467,99.5702686423359
50.15716816570401,39.77378232725494,40.77376914079303
50.23294129879767,59.849267222971214,8.331882467423895
53.768889735659634,33.83763534509339,88.16558103484242
53.86436443917405,58.470204524486135,102.01177314879017
48.237342986809686,66.03568989808738,87.12397207462115
52.407890394097244,15.611152323604443,80.16940605992161
43.59283933625427,79.90163282271298,57.55184738179749
46.507771232388045,55.13206386482508,40.10206000487567
53.875119244832554,45.0496233176593,14.43079556082871
55.601273662022564,34.50509091679282,98.34790124607639
48.57815020239905,31.002566679085195,-1.2179485532406211
46.85124094558137,54.77973788649834,2.432110976023454
53.95285864532285,63.87794205321845,78.48513454580083
52.70453959586262,68.26110424260344,28.08318497204646
47.613065487134655,62.09059012710178,92.63473801204238
44.97618633202314,62.166223839397745,70.41240445530542
47.31253757572458,58.98187705055142,59.01959639758414
53.87202361337429,49.09868467257085,57.0517049236764
58.914774507588945,79.41383030400752,8.455257149607274
52.404793391024164,73.40608822247904,106.72005182515026
52.016048902877515,14.468264143526142,62.57624791742818
48.43921778516216,32.112693186554274,39.23293324211569
44.338033416130656,42.199498830747686,99.54044773917514
47.27816840711227,-10.45819227127594,25.448514277505794
54.23470795849939,52.39169521133213,91.37066338603574
53.04487152092128,47.13832875471316,5.30359311811878
48.789843534199875,60.6055319678692,105.66398500589806
53.84249619223494,61.503897464838936,29.92290025303135
54.244312605399934,50.46650138663827,52.52722555849859
49.74142914935358,15.57744501035473,28.18004590440801
52.623625329055976,63.43818065092448,51.24196081353202
49.62180114429226,64.13889329949484,20.25022179552689
53.85914685974702,59.02373695844188,47.74215678746001
45.29385530454827,94.88819268858359,51.48303963640458
45.34646466534383,43.349866816360375,86.288106669752
51.77315112904088,66.5237412783241,69.00390584963448
44.92736783212088,25.354698804296486,60.93385077026353
48.93746350006544,40.82000445167302,22.39805046184682
46.364222700127655,38.686812739040526,60.98635411929338
48.372086838457875,29.86786062404546,45.322414677349016
54.96398242660837,34.58857330640461,79.01672197268145
40.18904887023826,69.0420890939501,0.9473702050955524
46.51263423651403,44.70655479259396,12.990158758098215
50.12815537211293,40.062665346810036,46.236505061244586
48.59186070664439,60.00157666278433,90.02837972861789
50.98904300015066,54.88264999172446,81.47469533527901
48.6410989522186,61.622922705653664,59.72560876324695
39.93070006605475,97.42476379702047,63.983109110554125
55.96241551150525,59.68595098334386,3.7568518507629065
54.55905424446316,34.735729933260046,96.7799503278087
49.910697534283,41.17680120060586,48.51718276457953
44.41424386100033,101.43866376008538,64.0764477677779
44.45298747891418,74.93344425618302,85.96949493966723
44.36679191409157,62.2281475002802,82.34483698113522
52.97766201305784,36.106777129515734,1.5701649109109326
44.985359371780696,69.18608804112739,49.57648643676248
47.4834968286063,44.14002126803689,24.678426420963596
46.82800511301028,56.0532209125721,84.16183756062364
46.763374681453385,22.425595106456996,39.70709559013239
48.31964965428729,64.16954801682095,-4.334906996515477
51.03652020703927,48.83369120679313,-9.387327662712398
44.225096886043914,45.04544256011769,96.82487137081563
62.427810470018066,28.427054925116494,-4.974376133516647
51.16354354869595,42.09491148133201,62.113979165809184
62.50416561560882,71.74679912956802,102.93448925663905
49.88891525701588,64.90612335207948,85.62055471662204
54.7877416928008,57.02218591193262,21.438602081925225
40.12356082652104,17.6259930011742,93.96761063368862
50.197904620029576,64.75313807324112,-7.7872183604080725
57.38135157772107,59.1180211357798,22.899349727200395
46.00640301347261,47.56569299926019,5.83588116988893
51.46342546982014,38.83403173604853,58.005068288266145
42.47235555775844,-5.43946259893297,20.881197334142456
57.12261956751339,55.3693712422951,92.00898143786067
56.568686095105456,79.9727294596372,78.50702382376927
53.15297545490798,48.259699385198466,16.768256005635752
52.97810163148069,78.3694473469624,54.69584397510782
43.5718234287321,43.14248421778696,68.61817710444429
49.96244698204467,39.664290316068076,41.65539244165669
44.94762405606995,56.36548814716547,39.875380380664595
46.59787772745156,48.10284887720727,78.7678803683407
51.31411131035328,51.43431270738365,36.98914518053245
46.937670510908944,53.562147756483775,17.48098703667671
45.23098389400194,17.96456631293688,-3.983114823219016
52.36311852513222,60.24014552767835,45.37487177433845
48.46283099545964,63.4486823789074,5.679843699363838
43.20685292175871,34.86463745696366,107.34456781323618
45.082733605165785,51.2882528235175,27.42993636844613
50.605822998724065,49.29021088659569,55.59713673340153
57.16702953390019,52.00051744682716,79.35543637454094
53.02348133916552,84.8939360457316,46.93454852420296
49.284181168899565,73.6705174242823,-4.162974585201011
53.83326169098968,60.718484089130676,70.29881240298648
45.97161825558534,73.30284646751944,50.2784183187694
59.262722829239145,78.41213570018354,71.14917432272146
54.15644357430257,70.1186621380096,16.079939453931193
54.070538262623245,49.880999136659455,87.0223390846091
43.017211495852436,15.763078214863953,16.17293192087589
44.0075672220659,42.78031508110864,73.35081691214388
49.62865541466496,68.79807386649787,-5.504959191001588
49.90463538439727,49.50289580955409,66.05676062491162
38.17963432766801,69.05378614117794,82.62295860554632
42.33308555700958,18.225868917684114,71.40623516496328
52.13660674435032,55.63083468148605,102.98177068018333
49.48554754341958,30.5645214593243,35.37811854454859
44.72325835913048,80.1839384363316,59.51564910912083
54.73835674566455,37.43668777354401,91.12506733085132
49.77535514980527,50.64053957071984,-7.056485654897782
56.07080583255493,69.29991922405094,44.78073724034676
45.96371749010998,56.33862476292855,-6.073246241906571
51.07465647227296,59.41315113301453,59.54358868866666
54.32315665819994,20.14545745249486,62.19492101699693
47.653920651056296,85.06849921453399,-5.216529653841686
47.708311421809526,98.91378005078703,39.383843989629376
49.123680449666935,40.29078348553111,65.90880881073777
48.015350753970836,41.299507336741655,3.3485186938252998
57.70450534374314,42.84934910677927,106.53036627979648
44.531140038189456,50.0197220733252,85.06865768898366
50.83884819847325,44.731179503664094,6.302970657267274
53.526644126246495,48.114534449669996,109.54761014254329
41.46868693824341,56.507403489173086,36.89792301514934
63.17989903945015,31.519569137912114,10.960001076282179
46.2664746316363,22.685384507932937,70.1462087900945
56.03241751507868,70.9877566122756,92.46749716900732
50.18051145465565,34.69899060375215,70.02174207490444
46.70854673302215,27.83909907873226,106.10632225607648
50.89120455088277,50.65362688225539,82.98895441135494
46.33404107486055,55.94388929225492,88.81289277603388
44.56242104389048,92.61469560318727,89.34674028806374
44.15094751004777,33.96023712128786,59.76558353782208
55.64876208615696,79.11532424378848,56.38381765576163
48.63804494386643,66.42793710840161,80.74014482614965
53.90867705219876,76.83447897110076,-7.478868905128979
57.85995993188081,80.21181518867182,45.673583255744546
49.71184475750356,50.10194022484111,55.81680859350871
61.01809166514657,70.79455353247434,3.916719647572492
58.10590437558308,97.83683382938187,44.64970660145909
45.68410867147074,58.65931264565637,33.85019777684651
49.94620403845037,46.979714824898174,63.75920512231903
47.11000620368179,88.6953884397092,63.95500043866414
55.742171568020595,65.09526156824624,67.02094849928744
48.08645345161171,28.326672730558894,44.62579451322445
54.73444620391095,42.08824513558356,41.151138241979396
47.54983418091538,70.57775319334411,34.98481719384118
53.229941482910675,25.903686419587054,56.23594721801406
50.90087628921095,58.248054463188055,78.18088600500069
48.56011999154674,38.21926638170628,22.817848237807972
43.8740023956352,84.64333196980627,51.305806623375
45.72213918881731,41.426526497950334,5.647604514861371
51.80933409768319,75.26106284526276,106.13864951732117
43.23888168293396,27.391685500087984,-8.82378661987897
49.2525472862084,34.20848062316877,6.037909228842015
52.258801273976076,27.124538814347066,82.47172700799781
44.32232411473538,80.60325452833007,83.13791662300194
52.82741018105081,24.774878396691765,42.13585558849013
56.5632744014155,45.237420762371606,31.938335272556266
51.303739505881964,25.71274479716463,78.94408912997795
57.704163691482954,49.649472641148535,-1.176103380515734
50.91031439821647,89.2237774846937,31.94539466759487
50.634395514624806,65.43430156036287,1.1578098066553633
43.637431623779364,60.38983853437519,2.62019509898559
45.73829173676103,38.398422023846365,-9.180040963475102
54.541785399620444,30.965941395227862,89.350737887242
46.862172167119496,78.04230167657859,51.25776930054475
42.88471917918314,67.5616403199476,22.743093096086668
44.364846297931386,68.78893065080877,90.48309697139119
45.66362276231558,54.487126921004126,101.06673608671116
48.196922259912654,68.09959232871417,12.368488835191087
51.81705501964709,30.23911339426367,69.18722189757605
37.94938313417968,52.16615144222286,50.981976424285804
53.60241974072092,46.040699912158146,77.78538873875266
50.56819114272517,52.58431803102432,1.004272250480561
40.642382818097744,56.46267220767113,-0.31143173387908263
49.01378662813957,41.48543726866892,51.99313948723929
51.69389205282687,33.50579565671319,66.58530582383162
43.23164391887677,40.77480199518161,48.33356952391876
42.61619441136143,24.895098079890722,75.35164423721794
49.99673403273126,23.696197056281672,63.79660260366512
54.48478005519155,48.603794437501875,-0.014246148798164882
47.21386673143344,50.02576136723331,48.420007818800286
48.30397326680403,62.614223495124925,57.84872977180666
44.9447115665816,56.97412866718657,30.276503376013515
53.37624109110995,31.664283975996543,55.53487570591504
49.36983191709701,55.07563306781964,90.06965266614678
42.58227221769781,54.16709906215333,80.91869010545653
53.20817072970738,82.81989471023921,69.24205886238387
46.923773633223334,46.49571676567082,22.840231195632235
43.477156982851824,59.70859389850437,57.893632906109076
37.24471723114954,80.2322841311049,10.120840258809245
45.248987141004335,44.134625680207655,47.87501428843919
45.27741492681064,101.61528068962548,92.43870622575288
56.12927106404634,49.91236816771901,59.72222013640817
46.69519808426804,71.5695074666684,32.30861203515633
53.68255184839246,64.95106887361985,0.43764020054615216
55.20220872878258,48.890870997623736,79.50423275855233
45.68353794235353,45.59471279002789,101.60096884723336
58.26384634201872,55.438646896476484,18.707148710605686
39.3879917497044,24.02238496580788,9.456040200657803
56.24600504878803,51.01620311989461,60.55218045298629
50.35677675385578,30.030495601619254,12.498856935312752
47.286382653664525,63.30932835870292,13.78551005798835
50.24588057529233,36.52166431076397,99.28483316149912
51.017405509427014,23.519246870061874,62.18360944247935
50.15964423381133,86.38276093663883,105.09979168355373
44.938716780064254,23.29894405490358,101.83446534552101
45.157960070468434,6.824475936042518,-1.4792504470535341
56.36860918910398,61.84235222760099,68.26812984186311
53.50859989968244,47.33245818650658,38.014245896446766
53.20279521275047,79.35753889970877,33.62767480639063
50.156696713712016,88.9487818937511,36.251458266111044
48.93990288018114,20.42050657486092,62.47734479671706
51.719564006060324,37.599903146369,-4.981125571832479
48.39449640272887,49.27976546197493,57.855843486753145
42.93144815728038,46.223768441001766,36.53828732461568
56.515381997022246,41.403982516857134,30.66051722053008
41.55357868396706,54.277083007293115,52.08412242528225
53.33745673213817,53.07407858285946,7.946553425760214
46.79850817078473,22.259266181237173,92.2620544718844
55.97239272848,24.942733339292815,49.52443252682357
48.24810701492153,48.36742991945823,3.047134306745667
39.10365766071632,24.672232832013847,40.579042736526496
40.22412872299436,68.80191059344124,79.80353009523891
42.559156742706556,57.24294583353533,60.47485332106146
44.84519762769198,54.96757363605468,106.35001459236827
53.95214482397756,41.43504991500758,71.73733201612258
43.585155790707006,42.82322654226189,109.57424635169728
45.317788805817585,34.17369675792387,51.933490244422075
55.00634472877025,45.515508680063235,62.83073936933529
47.175047967351425,44.130167709041,-0.9073301532210376
45.71509610154697,28.104129398309468,9.274367772925377
56.641440385149224,78.66490069921376,-2.7660243687309904
49.78640276149385,60.60745438148868,2.8270761863724037
47.46479350230111,53.84740367244761,-4.822914072067528
48.7706286004475,4.793870252160993,73.58198997369381
42.191998012020896,47.432780374823125,66.7373038290118
52.27662376304221,47.164951049016864,47.519903040803456
50.478792314338904,120.13347128909368,28.102306701455724
46.981167189546696,73.42335308757683,20.300224797139805
50.20209917305759,41.383454053173686,-5.345561096269873
52.14202187182102,47.62008627708713,23.88750215003433
44.79808800780413,34.92483132695045,104.41835811534956
40.36079649735102,35.935561694689156,71.73163283259322
42.298006770426554,16.687556753667806,51.42535030028889
44.29124811293204,37.462952792731,33.12737272647983
46.09821453492318,47.945022989000364,86.18431957180665
57.40786905178538,38.84553494680071,19.386547360307226
49.356564745230614,44.47369917236308,92.23291816417394
49.82614665611304,9.039868911590105,-2.7672474345475218
49.351081305006154,72.95371612302233,37.86214113733709
44.278357611255664,43.5495563987573,13.619665660113313
51.23316307550214,43.72986735108249,94.1898831682531
49.150258107605346,32.17420867075096,61.49037163198322
47.72707037064986,74.58793605521058,64.61331134169929
50.12254462581539,13.715033484219859,8.47222644195655
46.72567127930397,22.008488625552637,3.9445220438573525
45.35179230124056,56.46582529000372,58.141014791975664
54.49157272794501,22.11759536154981,97.88011708170124
56.53889992239756,102.96652802291399,77.76515449972165
47.16471492117181,68.24905952933618,93.9633098586806
58.003139260220934,49.36182802974089,43.28907684111427
42.69840548818664,74.06095943901988,39.85554474982118
47.56597798647191,30.407214437324857,3.194240237096988
49.083641988880466,48.422532637160415,60.68807561968018
47.199864522577016,23.739220897649073,53.60220387005215
57.07649513945252,33.462667941924124,105.39822692676387
49.98943284745767,75.12003220264104,94.40300674620416
48.83061719066937,18.59766995149531,0.7998021312164525
52.86554265599674,41.767741480012106,80.28738189552932
56.48333845992409,59.90065155509171,100.77252098508342
51.3343581998051,52.56963664640806,36.556357933001095
49.552956989843295,38.694418345924895,63.44039567551938
50.86995140981413,32.33747804305006,12.944161768995258
50.5896404261382,59.423918716082795,58.62646160386892
47.91686547137197,55.54749217231693,81.73633156791695
52.30051454127458,1.0779944444627603,76.50508548008222
40.31280739445227,44.32512841122322,44.31589523419119
49.82295417085437,20.247293937335023,12.944976905170442
48.920340244408465,87.6645434974966,21.5983695596891
47.93221616161502,40.69437895034359,76.12001182605809
55.560880787251804,20.2081311047357,90.32251978589721
51.059688987119884,36.99607689165882,31.974254508350278
50.49935377263001,50.77482330056145,43.19147904711986
56.10982318666089,52.07687608130881,76.6446027106858
47.80767765315206,80.14407665516569,5.93626663567802
47.300775240276884,71.29480962009933,19.14866583781418
51.76291913897906,43.6080054132627,61.94535524755334
51.9805195223349,64.26150977173486,94.61178845187094
58.849427981613886,37.234153883987915,-5.6534173456048675
59.05788633966796,59.66561898664957,92.37818938958817
48.90495382282032,70.7974640119775,106.10374453684432
53.06451197577552,49.56995349184874,108.33194071156481
53.50512531632377,51.63913058647044,26.379613690162273
53.09559414300462,34.9277384301696,36.613851212131166
45.359562834383894,77.6546242232931,82.94444627563976
46.18012807519794,84.6723374855417,61.68007253376503
53.3999835003111,29.044017952180184,4.096935130805903
46.7309536562734,59.094044832597035,12.91846545072453
49.54587538129566,28.82429902986413,78.21225215564604
54.733454492111534,32.502105285957356,21.640808509838607
45.8744375366923,34.68778536873923,58.881105214260714
51.98169948608562,59.08386737876526,27.26927732915675
53.28310959757394,47.16537339795199,69.75090560778807
44.62007187535866,16.944409056431915,-7.379969612465773
48.74123919301477,36.962024233973594,36.423996747128285
55.77123573321705,57.95746581659688,17.992053226938516
56.184718025677576,62.736555249823795,53.234938470329574
53.51678328206465,23.237931782826287,20.74497783379769
47.84537002343743,41.41102716552197,16.493174285008006
47.94469018019501,25.06371987709612,79.19207007615569
44.95239023450486,72.12983229425791,92.09773647763913
49.905111088085384,45.453998803957376,63.97644111072992
51.854895597406305,62.03986624831426,34.28939808985531
50.87860680629651,76.6045809505718,35.40626919832786
56.21610881615646,32.559468141289074,23.965868926799004
48.92945664326796,39.229307034612305,32.5942925392178
53.458017826318866,51.894572069660995,60.430020913400796
42.53607036202047,27.228842217259643,16.582583751982543
52.557570769280986,43.48427029175927,30.440426933509798
45.29046773945118,67.56772041568972,87.5410335057216
52.60948653713196,50.918952441340345,105.7090106461141
47.94136680548564,67.67231688535618,-4.470915961223958
56.074371395865334,70.17358922627454,58.53942256433882
56.87854324197431,47.779967287286354,67.14086111244504
46.758935580726124,67.43826594901387,44.465038403123
55.301089753698086,26.12975763289388,25.12694074911841
50.363651997063435,36.030684846110645,57.657353065152236
46.476788752421584,54.59654859370573,4.102949590617811
49.379514932902914,27.067690488356906,-8.794438066173814
51.101309926905444,60.380838726755776,108.87620921040221
48.799551327048924,41.052115468128875,72.0329470521109
52.89532219849386,56.38631749442641,30.341494742656323
49.76505916468734,17.58745746179447,-7.307826395243073
38.95114197171763,47.78763419661364,10.737872466828104
54.25655500678931,54.995806064872546,69.0290445155645
41.8156334146919,43.60513930880992,83.49705154300094
47.21137308760888,48.52204574847954,68.64373378439097
47.61354922526172,57.72181586964002,53.9557264778013
47.21369627808381,35.315942115329364,56.68697678122528
51.02213131939242,71.79605879685815,22.341158140361593
52.90632322712683,52.59395536223485,59.45317257947555
56.00651257489435,45.38765391442827,28.248596826947953
47.15732347933683,15.355284908550217,89.650434066718
42.5227477506544,74.72617947609668,50.940086506323
52.36664267295212,74.51326020045408,30.960656164745053
40.40032005380567,46.454424723490625,14.161712807287607
51.54187464510162,19.152489150159212,92.40297455980432
51.453568628418225,85.98956562379759,69.13494859301812
52.037429008139135,62.7625239654546,46.10628096406853
47.298777058522035,78.87180292915886,36.34251738017646
45.412684873968935,54.79072647079178,20.700057189047925
46.40061274242403,73.27833215369601,36.74083897260055
50.04234287331339,50.89045991846782,39.15412818191376
49.03578321672657,67.68539036302317,56.95873986402674
48.348150585295166,59.55218262641249,12.88102862359382
50.44445399512646,45.809755309694296,68.46791667809893
38.23659121254164,16.925097316324205,77.11451368271355
61.62475558569466,37.37786759719087,96.28115164810234
54.36073128428231,29.60478986326075,29.96998516563491
51.00208062715195,54.76805672288536,22.43443437668153
51.79040108301412,36.67172582923402,104.18356425077344
44.92653029116607,53.48199719940674,105.97056311121473
46.61701126774864,38.6359888686916,88.63222079551744
64.26712884952,35.74900490688397,63.36705529229485
52.730258840564304,34.431564456521606,22.623389635403832
42.26279360530746,67.80747080170735,107.10184800148895
54.17346709165532,73.19317946596269,97.14182857334194
55.01662863488258,104.29338170139908,46.82992063320075
47.31059658528868,60.402079472142546,-7.447171168080131
55.39503983196008,10.449342738080503,69.79783183783753
46.2362526052527,44.57339436851107,-3.924435402116324
52.622609519731256,103.740180246834,33.69945012454639
48.61944414199811,29.20852665948043,60.16881497163173
44.891001998640654,62.08930652420095,48.05102775720377
53.404961891789874,17.73831978142755,100.12414590975035
45.10727559111406,72.98537852664214,27.748007585646988
